Usuario;URL;Seguidores;Publicaciones;Categoria;Nicho;Origen
billy_o_;https://instagram.com/billy_o_;2735;230;-;-;FOLLOWING
juliephamrealestate;https://instagram.com/juliephamrealestate;2574;415;-;real estate;FOLLOWING
carriebrockhurst_realtor;https://instagram.com/carriebrockhurst_realtor;2366;787;-;real estate;FOLLOWING
boardercam;https://instagram.com/boardercam;2247;2006;-;-;FOLLOWING
saraesmi;https://instagram.com/saraesmi;11000;355;-;real estate;FOLLOWING
markeilers.realestate;https://instagram.com/markeilers.realestate;3761;628;-;real estate;FOLLOWING
christine.allan.realtor;https://instagram.com/christine.allan.realtor;2769;560;-;real estate;FOLLOWING
jaina_anne;https://instagram.com/jaina_anne;5548;686;-;real estate;FOLLOWING
samveltrirealestate;https://instagram.com/samveltrirealestate;3606;487;-;real estate;FOLLOWING
the_sky_ninja;https://instagram.com/the_sky_ninja;5449;2793;-;coach;FOLLOWING
bayfrontlaw;https://instagram.com/bayfrontlaw;3225;267;-;real estate;FOLLOWING
jennreno;https://instagram.com/jennreno;2707;2246;-;-;FOLLOWING
purposefullifecoach;https://instagram.com/purposefullifecoach;2119;333;-;coach;FOLLOWING
parastooershadirealestate;https://instagram.com/parastooershadirealestate;4373;502;-;real estate;FOLLOWING
danasneyd;https://instagram.com/danasneyd;2153;262;-;real estate;FOLLOWING
caiandersonrealestate;https://instagram.com/caiandersonrealestate;2417;325;-;realtor;FOLLOWING
brandy.wagner.realestate;https://instagram.com/brandy.wagner.realestate;3152;183;-;real estate;FOLLOWING
rosecalveloteam;https://instagram.com/rosecalveloteam;2227;376;-;real estate;FOLLOWING
coltdclark;https://instagram.com/coltdclark;2362;207;-;real estate;FOLLOWING
sarahbakkerhomes;https://instagram.com/sarahbakkerhomes;2524;685;-;real estate;FOLLOWING
contactgilliannyc;https://instagram.com/contactgilliannyc;2289;293;-;-;FOLLOWING
2plankerwanker;https://instagram.com/2plankerwanker;2376;171;-;-;FOLLOWING
dpgates;https://instagram.com/dpgates;12000;369;-;coach;FOLLOWING
danjreilly;https://instagram.com/danjreilly;4147;326;-;realtor;FOLLOWING
ben_farzipour.realtor;https://instagram.com/ben_farzipour.realtor;2249;157;-;realtor;FOLLOWING
realmadisonmalloy;https://instagram.com/realmadisonmalloy;32000;792;-;speaker;FOLLOWING
melissaruizrealtor;https://instagram.com/melissaruizrealtor;2033;202;-;realtor;FOLLOWING
reneeproperties;https://instagram.com/reneeproperties;9882;1485;-;strategist;FOLLOWING
brendaroseinvests;https://instagram.com/brendaroseinvests;6468;627;-;coach;FOLLOWING
christinemirarose;https://instagram.com/christinemirarose;10000;111;-;-;FOLLOWING
drluisarriaza;https://instagram.com/drluisarriaza;3232;651;-;coach;FOLLOWING
danielstewart_photo;https://instagram.com/danielstewart_photo;4587;978;-;photographer;FOLLOWING
wadehouston;https://instagram.com/wadehouston;199000;954;-;business owner;FOLLOWING
garrettbgunderson;https://instagram.com/garrettbgunderson;32000;992;-;founder;FOLLOWING
matsteinwede;https://instagram.com/matsteinwede;209000;3012;-;podcast;FOLLOWING
one.year.from.now_;https://instagram.com/one.year.from.now_;119000;219;-;-;FOLLOWING
hannahbhammond;https://instagram.com/hannahbhammond;53000;607;-;founder;FOLLOWING
custommadereality;https://instagram.com/custommadereality;106000;345;-;-;FOLLOWING
milliondollarbrandclub;https://instagram.com/milliondollarbrandclub;113000;703;-;mentor;FOLLOWING
mikeyrencz;https://instagram.com/mikeyrencz;67000;320;-;-;FOLLOWING
marymorgan.biz;https://instagram.com/marymorgan.biz;5223;1533;-;entrepreneur;FOLLOWING
christiantre_;https://instagram.com/christiantre_;31000;162;-;coach;FOLLOWING
consciousalchemies;https://instagram.com/consciousalchemies;160000;580;-;-;FOLLOWING
innerscienceresearch;https://instagram.com/innerscienceresearch;28000;278;-;-;FOLLOWING
cozyghostclub;https://instagram.com/cozyghostclub;57000;369;-;-;FOLLOWING
alexfedotofff;https://instagram.com/alexfedotofff;221000;550;-;-;FOLLOWING
skylerasmithhh;https://instagram.com/skylerasmithhh;23000;163;-;-;FOLLOWING
crossfirejpg;https://instagram.com/crossfirejpg;2068;150;-;marketing;FOLLOWING
taylormoney.co;https://instagram.com/taylormoney.co;198000;1056;-;mentor;FOLLOWING
balanced_souls_;https://instagram.com/balanced_souls_;106000;1283;-;coach;FOLLOWING
markholloway902;https://instagram.com/markholloway902;63000;417;-;-;FOLLOWING
growwithevelyn;https://instagram.com/growwithevelyn;43000;1228;-;entrepreneur;FOLLOWING
money_affirmations;https://instagram.com/money_affirmations;183000;2078;-;-;FOLLOWING
your_nyc_realtor;https://instagram.com/your_nyc_realtor;2652;279;-;real estate;FOLLOWING
kurtsorge;https://instagram.com/kurtsorge;122000;1662;-;-;FOLLOWING
fortunewithfaith;https://instagram.com/fortunewithfaith;180000;392;-;-;FOLLOWING
jakepates;https://instagram.com/jakepates;37000;130;-;-;FOLLOWING
ejackshreds;https://instagram.com/ejackshreds;146000;2212;-;-;FOLLOWING
misterwinfield;https://instagram.com/misterwinfield;22000;521;-;-;FOLLOWING
aaronfitzgerald105;https://instagram.com/aaronfitzgerald105;64000;431;-;founder;FOLLOWING
itskrista;https://instagram.com/itskrista;150000;740;-;coach;FOLLOWING
hannahexplainsit;https://instagram.com/hannahexplainsit;70000;126;-;coach;FOLLOWING
ethan_nell;https://instagram.com/ethan_nell;154000;1716;-;-;FOLLOWING
vossoughia;https://instagram.com/vossoughia;14000;1127;-;coach;FOLLOWING
sunlifeorganics;https://instagram.com/sunlifeorganics;98000;2696;-;-;FOLLOWING
