Usuario;URL;Seguidores;Publicaciones;Origen
steel_sharpens_steel;https://instagram.com/steel_sharpens_steel;2284;2528;FOLLOWING: kensteadyy
jaylonbryce;https://instagram.com/jaylonbryce;7667;48;FOLLOWING: kensteadyy
jadenmensah_;https://instagram.com/jadenmensah_;11000;150;FOLLOWING: kensteadyy
iamrickhu;https://instagram.com/iamrickhu;6183;795;FOLLOWING: kensteadyy
robtracz;https://instagram.com/robtracz;3393;1079;FOLLOWING: kensteadyy
bygracelee;https://instagram.com/bygracelee;29000;5148;FOLLOWING: kensteadyy
theworldofgio;https://instagram.com/theworldofgio;1207;609;FOLLOWING: kensteadyy
guelory;https://instagram.com/guelory;1723;302;FOLLOWING: kensteadyy
latincolors_magazine;https://instagram.com/latincolors_magazine;1259;396;FOLLOWING: kensteadyy
social_justis;https://instagram.com/social_justis;18000;3214;FOLLOWING: kensteadyy
planwithsanti;https://instagram.com/planwithsanti;2756;24;FOLLOWING: kensteadyy
thrivewithalessia;https://instagram.com/thrivewithalessia;3836;1094;FOLLOWING: kensteadyy
michael.autore;https://instagram.com/michael.autore;33000;1285;FOLLOWING: kensteadyy
springplace;https://instagram.com/springplace;25000;627;FOLLOWING: kensteadyy
