Usuario;URL;Seguidores;Publicaciones;Categoria;Origen
citywidechurch;https://instagram.com/citywidechurch;3179;2707;-;FOLLOWING
bshanice_;https://instagram.com/bshanice_;3951;658;-;FOLLOWING
_mandry;https://instagram.com/_mandry;6615;310;-;FOLLOWING
geesbendmade;https://instagram.com/geesbendmade;3639;847;-;FOLLOWING
gabriellatravali;https://instagram.com/gabriellatravali;6751;2385;-;FOLLOWING
phytlife247;https://instagram.com/phytlife247;2912;335;-;FOLLOWING
masfresco;https://instagram.com/masfresco;86000;966;-;FOLLOWING
iamchristineplatt;https://instagram.com/iamchristineplatt;83000;303;-;FOLLOWING
keekalator;https://instagram.com/keekalator;4585;2447;-;FOLLOWING
pickupusafitness;https://instagram.com/pickupusafitness;32000;688;-;FOLLOWING
embrace_your_difference;https://instagram.com/embrace_your_difference;69000;4173;-;FOLLOWING
sweet_melodia;https://instagram.com/sweet_melodia;2023;216;-;FOLLOWING
j_alexiabankx;https://instagram.com/j_alexiabankx;2350;212;-;FOLLOWING
litnewhaven;https://instagram.com/litnewhaven;5365;156;-;FOLLOWING
hartfordhealthcareamp;https://instagram.com/hartfordhealthcareamp;21000;1734;-;FOLLOWING
djkronik;https://instagram.com/djkronik;12000;121;-;FOLLOWING
justmeliana;https://instagram.com/justmeliana;2083;2437;-;FOLLOWING
healthandfitnesssquad;https://instagram.com/healthandfitnesssquad;11000;142;-;FOLLOWING
kbreezy494;https://instagram.com/kbreezy494;3955;3207;-;FOLLOWING
ginavignogna;https://instagram.com/ginavignogna;5371;241;-;FOLLOWING
bihntiy;https://instagram.com/bihntiy;10000;494;-;FOLLOWING
ashleystahl;https://instagram.com/ashleystahl;75000;1565;-;FOLLOWING
lexylee22;https://instagram.com/lexylee22;3780;2695;-;FOLLOWING
a.ooter;https://instagram.com/a.ooter;7130;247;-;FOLLOWING
_laurenjosephine;https://instagram.com/_laurenjosephine;2443;529;-;FOLLOWING
official_aquillecarrpage;https://instagram.com/official_aquillecarrpage;105000;596;-;FOLLOWING
95_trafikking;https://instagram.com/95_trafikking;4860;152;-;FOLLOWING
frizzlefloatz;https://instagram.com/frizzlefloatz;2071;210;-;FOLLOWING
laurenfreedman_;https://instagram.com/laurenfreedman_;21000;224;-;FOLLOWING
ph.from.harlem;https://instagram.com/ph.from.harlem;3653;1826;-;FOLLOWING
traxxwill;https://instagram.com/traxxwill;23000;3060;-;FOLLOWING
